product,price
WD Black 250GB SN750SE NVMe M.2 Internal SSD (WDS250G1B0E),3240.0
PNY CS3030 M.2 NVMe SSD CS3030 M.2 NVMe 500GB SSD,3605.0
Kingston NV1 1TB M.2 2280 NVMe PCIe SSD (SNVS/1000G),4999.0
Samsung MZ-V8V250BW 250GB 980 NVME M.2 PCIe 3.0 SSD,2749.0
"KINGSPEC 128GB NVME PCIE M.2 SOLID STATE DRIVE (SSD), NAND FLASH MLC/ TLC/ QLC",1050.0
Kingston NV1 500GB M.2 NVME SSD -- 2100/1700MBps R/W ( SNVS/500G ),2849.0
Western Digital WD Blue SN550 500GB NVMe M.2 2280 PCIE GEN3  Internal Solid State Drive SSD  - WDS500G2B0C (2019 Model),3295.0
Adata XPG SX8200 512GB PRO PCIe GEN3X4 M.2 2280 SSD with Cool XPG heatsink included ~ up to 3500/3000MBs R/W Speed (ASX8200PNP-512GT-C),4399.0
Western Digital Blue SN550 NVMe M.2 2280 500GB PCI-Express 3.0 x4 3D NAND Internal Solid State Drive (SSD) WDS500G2B0C,3215.0
Kingston NV1 500GB M.2 2280 NVMe PCIe SSD (SNVS/500G),2399.0
Crucial P2 1TB 500GB 250GB M.2 NVMe SSD 2280 3D NAND PCIe Gen3x4 Solid State Drive 5-Years Warranty,3490.0
Kingston NV1 250GB M.2 NVME PCIE SSD - 2100/1700mbps Read/Write Speed ( SNVS/250G ),1789.0
PNY CS1030 M.2 2280 NVMe Gen3x4 SSD Part No : M280CS1030-512-CL 512GB,3233.0
"Western Digital Blue SN550 1TB NVMe Internal SSD - Gen3 x4 PCIe 8Gb/s, M.2 2280, 3D NAND, Up to 2,400 MB/s (WDS100T2B0C)",5949.0
ADATA XPG SX8200 PRO 512GB PCIe GEN3X4 NVMe M.2 2280 SSD,4295.0
Gigabyte Aorus RGB 512GB 256GB M.2 NVMe SSD 2280 3D NAND PCIe Gen3x4 Solid State Drive - 5 years WTY,5770.0
"WD Blue SN550 250GB PCIe NVMe Internal SSD - Gen3 x4 PCIe 8Gb/s, M.2 2280, 3D NAND, Up to 2,400 MB/s (WDS250G2B0C)",2349.0
ADATA XPG SX8200 PRO 256gb SSD m.2/NVME PCIE Gen3x4 /AD-ASX8200PNP-256GT-C,2799.0
ORICO SSD M.2 NVME SSD M2 Hard Drive Disk PCIe 2280 mm Internal Solid State Disks 128GB 256GB 512GB 1TB(V500),2995.0
KINGSTON NV1 500GB SSD Pcie NVMe M.2,2949.0
ADATA XPG SX8200 Pro 512GB 3D NAND NVMe Gen3x4 PCIe M.2 2280 Solid State Drive R/W 3500/3000MB/s SSD (ASX8200PNP-512GT-C),4295.0
"GIGABYTE AORUS Gen4 7000s SSD 2TB PCIe 4.0 NVMe M.2, Nanocarbon Coated Aluminum Heatsink, 3D TLC NAND, SSD- GP-AG70S2TB",20499.0
Crucial P2 1TB 1000GB 3D NAND PCIe NVMe Gen 3 M.2 SSD Up to 2400 MB/s 1 TB - CT1000P2SSD8,5689.0
WD Black 1TB SN850 NVMe M.2 Without Heatsink Internal SSD (WDS100T1X0E),12250.0
Kingston A2000 250GB M.2 2280 NVMe PCIe Gen 3.0 x4 3D NAND Internal Solid State Drive (SSD) SA2000M8/250G,2299.0
Samsung 980 PRO 250GB NVMe M.2 PCIe 4.0 V-Nand Internal SSD Solid State Drive MZ-V8P250BW,4169.0
XPG SX6000 Lite 128GB NVMe Read/write speeds of up to 1800/1200MB/s M.2 2280 Form Factor,1999.0
Western Digital WD Black SN850 500GB NVMe M.2 PCIe Gen4 x4  Internal SSD - WSD500G1X0E,6999.0
PNY CS3030 M.2 NVMe Gen 3x4 XLR8 250GB 500GB 1TB PCIe SSD,2388.0
Samsung MZ-V8V250BW 250GB 980 NVME M.2 PCIe 3.0 SSD,2799.0
CORSAIR Force Series MP510 NVMe PCIe Gen3 x4 M.2 SSD,4399.0
Kingmax 256gb M.2 2280 Nvme Internal SSD PCIe Gen3x4 PQ3480,1994.0
Samsung 970 EVO Plus 250GB NVMe M.2 PCIe Gen 3.0 x4 Internal Solid State Drive (SSD) MZ-V7S250BW,3399.0
Crucial P2 2TB 3D NAND NVMe PCIe M.2 SSD Up to 2400MB/s - CT2000P2SSD8,10499.0
XPG GAMMIX S50 Lite M.2 2280 PCIe Gen4x4 M.2 2280 NVMe SSD,4360.0
"*New* WD BLACK SN750 SE 500GB NVMe SSD, Western Digital High Performance Gaming NVMe SSD - Gen4 PCIe, M.2 2280, 3D NAND",4420.0
Western Digital WD Blue SN550 1TB 500GB 250GB NVMe M.2 2280 3D NAND SSD PCIe Gen3x4 Solid State - 5 Years WTY,2390.0
Kingston NV1 500GB M.2 2280 NVMe PCIe Internal SSD PCIe - Solid State Drive [SNVS/500G],2848.0
Kingmax 512gb M.2 2280 Nvme Internal SSD PCIe Gen3x4 PQ3480,3094.0
Crucial P2 1TB 500GB M.2 NVMe SSD 2280 3D NAND PCIe Gen3x4 Solid State Drive 5-Years Warranty,3499.0
